dataset,views,classes,dims,n_train,n_val,n_test,oof_reliability,train_loss,test_loss,test_acc,last_model_path,best_epoch,best_val_acc,best_test_loss,best_test_acc,best_model_path,elapsed_sec,model,status,error,uncertainty_auroc
100Leaves,3.0,100.0,"[64, 64, 64]",1280.0,192.0,320.0,"{0: 0.09296874701976776, 1: 0.01015624962747097, 2: 0.11953125149011612}",20.312536875406902,20.35404682159424,0.75,checkpoints\100Leaves_TMC_last.pt,477.0,0.7395833333333334,20.374180793762207,0.74375,checkpoints\100Leaves_TMC_best.pt,85.63142323493958,TMC (ours),OK,,
3Sources,3.0,6.0,"[3560, 3631, 3068]",135.0,21.0,34.0,"{0: 0.7555555701255798, 1: 0.7111111283302307, 2: 0.7333333492279053}",3.1435158252716064,5.436594486236572,0.8529411764705882,checkpoints\3Sources_TMC_last.pt,406.0,0.8571428571428571,5.639195919036865,0.8235294117647058,checkpoints\3Sources_TMC_best.pt,21.860945224761963,TMC (ours),OK,,
ACM,5.0,3.0,"[1870, 3025, 3025, 3025, 3025]",2420.0,363.0,605.0,"{0: 0.905371904373169, 1: 0.7805784940719604, 2: 0.7066115736961365, 3: 0.7462809681892395, 4: 0.3508264422416687}",4.637369806116277,5.169628620147705,0.9404958677685951,checkpoints\ACM_TMC_last.pt,393.0,0.9641873278236914,5.212427139282227,0.947107438016529,checkpoints\ACM_TMC_best.pt,334.4902765750885,TMC (ours),OK,,
ALOI,4.0,100.0,"[77, 13, 64, 125]",8640.0,1296.0,2160.0,"{0: 0.04027777910232544, 1: 0.018171295523643494, 2: 0.2638888955116272, 3: 0.3523148000240326}",24.349344872139596,24.449846441095527,0.5712962962962963,checkpoints\ALOI_TMC_last.pt,488.0,0.5771604938271605,24.464222474531695,0.5703703703703704,checkpoints\ALOI_TMC_best.pt,811.8460562229156,TMC (ours),OK,,
BBC4view,,,,,,,,,,,,,,,,,0.05958747863769531,TMC (ours),FAILED,"TypeError: Expecting miMATRIX type here, got 2119843088",
BBCSport,2.0,5.0,"[3183, 3203]",435.0,66.0,109.0,"{0: 0.8459770083427429, 1: 0.8528735637664795}",2.197211980819702,3.2941031455993652,0.9541284403669725,checkpoints\BBCSport_TMC_last.pt,249.0,0.9696969696969697,4.067519187927246,0.9357798165137615,checkpoints\BBCSport_TMC_best.pt,38.70549249649048,TMC (ours),OK,,
Caltech101-7,6.0,7.0,"[48, 40, 254, 1984, 512, 928]",1179.0,177.0,295.0,"{0: 0.5411365628242493, 1: 0.5428329110145569, 2: 0.804919421672821, 3: 0.9160305261611938, 4: 0.8346055746078491, 5: 0.8388465046882629}",8.122503678003946,8.59540605545044,0.9389830508474576,checkpoints\Caltech101-7_TMC_last.pt,351.0,0.9548022598870056,8.982280254364014,0.9254237288135593,checkpoints\Caltech101-7_TMC_best.pt,198.9732050895691,TMC (ours),OK,,
CiteSeer,2.0,6.0,"[3312, 3703]",2649.0,398.0,663.0,"{0: 0.6221215724945068, 1: 0.7270668148994446}",3.544773598512014,5.082911252975464,0.7315233785822021,checkpoints\CiteSeer_TMC_last.pt,439.0,0.8040201005025126,5.094265103340149,0.7300150829562594,checkpoints\CiteSeer_TMC_best.pt,185.93137383460999,TMC (ours),OK,,
Cora,4.0,7.0,"[2708, 1433, 2706, 2706]",2166.0,325.0,542.0,"{0: 0.7359187602996826, 1: 0.7091412544250488, 2: 0.47137579321861267, 3: 0.46860572695732117}",8.384531497955322,9.772462209065756,0.7970479704797048,checkpoints\Cora_TMC_last.pt,471.0,0.8492307692307692,9.834688186645508,0.7933579335793358,checkpoints\Cora_TMC_best.pt,273.194705247879,TMC (ours),OK,,
Handwritten,6.0,10.0,"[216, 76, 64, 6, 240, 47]",1600.0,240.0,400.0,"{0: 0.8687499761581421, 1: 0.10437499731779099, 2: 0.2318750023841858, 3: 0.16750000417232513, 4: 0.9350000023841858, 5: 0.36625000834465027}",13.93993159702846,14.050312042236328,0.9775,checkpoints\Handwritten_TMC_last.pt,397.0,0.9708333333333333,14.47282075881958,0.975,checkpoints\Handwritten_TMC_best.pt,239.24909353256226,TMC (ours),OK,,
MNIST-10k,3.0,10.0,"[30, 9, 30]",8000.0,1200.0,2000.0,"{0: 0.4466249942779541, 1: 0.7885000109672546, 2: 0.5866249799728394}",7.675173605189604,7.785705327987671,0.883,checkpoints\MNIST-10k_TMC_last.pt,500.0,0.8908333333333334,7.785705327987671,0.883,checkpoints\MNIST-10k_TMC_best.pt,540.9319794178009,TMC (ours),OK,,
MNIST-4,3.0,4.0,"[30, 9, 30]",3200.0,480.0,800.0,"{0: 0.6974999904632568, 1: 0.6549999713897705, 2: 0.7553125023841858}",5.601355143955776,5.632190108299255,0.89,checkpoints\MNIST-4_TMC_last.pt,384.0,0.89375,5.948617935180664,0.88625,checkpoints\MNIST-4_TMC_best.pt,215.47888803482056,TMC (ours),OK,,
MSRC-v5,5.0,7.0,"[24, 576, 512, 256, 254]",168.0,26.0,42.0,"{0: 0.1071428582072258, 1: 0.7916666865348816, 2: 0.6071428656578064, 3: 0.3333333432674408, 4: 0.3214285671710968}",10.756624221801758,11.56818962097168,0.8571428571428571,checkpoints\MSRC-v5_TMC_last.pt,349.0,0.8846153846153846,12.084041595458984,0.8571428571428571,checkpoints\MSRC-v5_TMC_best.pt,31.376976251602173,TMC (ours),OK,,
Movies,2.0,17.0,"[1878, 1398]",493.0,74.0,124.0,"{0: 0.3651115596294403, 1: 0.2596348822116852}",8.046499570210775,9.848121643066406,0.4112903225806452,checkpoints\Movies_TMC_last.pt,458.0,0.5135135135135135,9.86645221710205,0.4112903225806452,checkpoints\Movies_TMC_best.pt,34.49676537513733,TMC (ours),OK,,
NUS-WIDE,5.0,12.0,"[64, 144, 73, 128, 225]",1920.0,288.0,480.0,"{0: 0.17083333432674408, 1: 0.22083333134651184, 2: 0.12604166567325592, 3: 0.13437500596046448, 4: 0.08906249701976776}",17.524464713202583,17.661026000976562,0.36875,checkpoints\NUS-WIDE_TMC_last.pt,452.0,0.3715277777777778,17.672211329142254,0.3625,checkpoints\NUS-WIDE_TMC_best.pt,218.61712837219238,TMC (ours),OK,,
OutdoorScene,4.0,8.0,"[512, 432, 256, 48]",2150.0,323.0,538.0,"{0: 0.7334883809089661, 1: 0.6683720946311951, 2: 0.5162790417671204, 3: 0.2474418580532074}",9.742472457885743,10.07642904917399,0.8122676579925651,checkpoints\OutdoorScene_TMC_last.pt,499.0,0.8359133126934984,10.074983914693197,0.8159851301115242,checkpoints\OutdoorScene_TMC_best.pt,201.09766244888306,TMC (ours),OK,,
Prokaryotic,3.0,4.0,"[393, 3, 438]",440.0,66.0,111.0,"{0: 0.5681818127632141, 1: 0.32499998807907104, 2: 0.5681818127632141}",6.516730308532715,6.61138916015625,0.5675675675675675,checkpoints\Prokaryotic_TMC_last.pt,3.0,0.5909090909090909,6.618165969848633,0.5495495495495496,checkpoints\Prokaryotic_TMC_best.pt,37.451658487319946,TMC (ours),OK,,
ProteinFold,12.0,27.0,"[27, 27, 27, 27, 27, 27, 27, 27, 27, 27, 27, 27]",555.0,84.0,139.0,"{0: 0.06306306272745132, 1: 0.0486486479640007, 2: 0.08648648858070374, 3: 0.06306306272745132, 4: 0.061261262744665146, 5: 0.05045045167207718, 6: 0.037837836891412735, 7: 0.04144144058227539, 8: 0.07567567378282547, 9: 0.05945945903658867, 10: 0.06666667014360428, 11: 0.06306306272745132}",50.01572926839193,50.022769927978516,0.15827338129496402,checkpoints\ProteinFold_TMC_last.pt,407.0,0.16666666666666666,50.03937530517578,0.1223021582733813,checkpoints\ProteinFold_TMC_best.pt,173.45287322998047,TMC (ours),OK,,
Reuters-1200,5.0,6.0,"[2000, 2000, 2000, 2000, 2000]",960.0,144.0,240.0,"{0: 0.7083333134651184, 1: 0.6989583373069763, 2: 0.6864583492279053, 3: 0.7010416388511658, 4: 0.7052083611488342}",8.050235748291016,9.755478858947754,0.7541666666666667,checkpoints\Reuters-1200_TMC_last.pt,461.0,0.8472222222222222,9.868923664093018,0.75,checkpoints\Reuters-1200_TMC_best.pt,137.50647497177124,TMC (ours),OK,,
Reuters-1500,5.0,6.0,"[21531, 24892, 34251, 15506, 11547]",1200.0,180.0,300.0,"{0: 0.7950000166893005, 1: 0.7875000238418579, 2: 0.7758333086967468, 3: 0.7666666507720947, 4: 0.7599999904632568}",4.926929394404094,9.153648138046265,0.7833333333333333,checkpoints\Reuters-1500_TMC_last.pt,425.0,0.8388888888888889,9.088494062423706,0.78,checkpoints\Reuters-1500_TMC_best.pt,456.4551012516022,TMC (ours),OK,,
UCI,3.0,10.0,"[240, 76, 6]",1600.0,240.0,400.0,"{0: 0.9318749904632568, 1: 0.11437500268220901, 2: 0.20125000178813934}",7.405444894518171,7.5272746086120605,0.97,checkpoints\UCI_TMC_last.pt,165.0,0.9708333333333333,8.47667407989502,0.9525,checkpoints\UCI_TMC_best.pt,124.6117730140686,TMC (ours),OK,,
WebKB,2.0,2.0,"[1840, 3000]",840.0,126.0,211.0,"{0: 0.9214285612106323, 1: 0.9023809432983398}",1.148418366909027,1.590289294719696,0.966824644549763,checkpoints\WebKB_TMC_last.pt,432.0,0.9444444444444444,1.6612537503242493,0.966824644549763,checkpoints\WebKB_TMC_best.pt,53.81511068344116,TMC (ours),OK,,
Wikipedia,2.0,10.0,"[128, 10]",2292.0,344.0,574.0,"{0: 0.20287957787513733, 1: 0.457678884267807}",7.834075117111206,7.893008708953857,0.5574912891986062,checkpoints\Wikipedia_TMC_last.pt,458.0,0.5581395348837209,7.931580225626628,0.5522648083623694,checkpoints\Wikipedia_TMC_best.pt,126.97846460342407,TMC (ours),OK,,
Wikipedia-test,2.0,10.0,"[128, 10]",554.0,84.0,139.0,"{0: 0.1696750968694687, 1: 0.15523464977741241}",8.204012552897135,8.237201690673828,0.49640287769784175,checkpoints\Wikipedia-test_TMC_last.pt,497.0,0.4880952380952381,8.238224983215332,0.49640287769784175,checkpoints\Wikipedia-test_TMC_best.pt,46.727134704589844,TMC (ours),OK,,
Yale,3.0,15.0,"[4096, 3304, 6750]",132.0,20.0,33.0,"{0: 0.8939393758773804, 1: 0.8939393758773804, 2: 0.8712121248245239}",2.396209716796875,6.5997490882873535,0.9393939393939394,checkpoints\Yale_TMC_last.pt,11.0,0.9,11.505989074707031,0.7878787878787878,checkpoints\Yale_TMC_best.pt,20.888328313827515,TMC (ours),OK,,
handwritten_6views,6.0,10.0,"[240, 76, 216, 47, 64, 6]",1600.0,240.0,400.0,"{0: 0.934374988079071, 1: 0.13437500596046448, 2: 0.878125011920929, 3: 0.33000001311302185, 4: 0.29499998688697815, 5: 0.13375000655651093}",13.928004946027484,13.909037590026855,0.9775,checkpoints\handwritten_6views_TMC_last.pt,213.0,0.9583333333333334,15.413366317749023,0.9725,checkpoints\handwritten_6views_TMC_best.pt,188.24252223968506,TMC (ours),OK,,
scene15,3.0,15.0,"[1800, 1180, 1240]",3588.0,539.0,897.0,"{0: 0.7575250864028931, 1: 0.6658305525779724, 2: 0.5133779048919678}",7.521861910820007,9.320314025878906,0.8160535117056856,checkpoints\scene15_TMC_last.pt,465.0,0.8385899814471243,9.336850357055663,0.8205128205128205,checkpoints\scene15_TMC_best.pt,225.38842177391052,TMC (ours),OK,,
100Leaves,3.0,100.0,"[64, 64, 64]",1280.0,192.0,320.0,,,24.92475914955139,0.98125,checkpoints\100Leaves_ETMC_last.pt,31.0,0.984375,21.296855688095093,0.98125,checkpoints\100Leaves_ETMC_best.pt,36.6938111782074,ETMC,OK,,0.7643312101910829
3Sources,3.0,6.0,"[3560, 3631, 3068]",135.0,21.0,34.0,,,38.326873779296875,0.8823529411764706,checkpoints\3Sources_ETMC_last.pt,4.0,0.9047619047619048,6.237072467803955,0.8235294117647058,checkpoints\3Sources_ETMC_best.pt,9.76207685470581,ETMC,OK,,0.8833333333333333
ACM,5.0,3.0,"[1870, 3025, 3025, 3025, 3025]",2420.0,363.0,605.0,,,8.13491318836685,0.9355371900826446,checkpoints\ACM_ETMC_last.pt,30.0,0.953168044077135,6.7801059494333815,0.9504132231404959,checkpoints\ACM_ETMC_best.pt,117.809809923172,ETMC,OK,,0.8633686690223793
ALOI,4.0,100.0,"[77, 13, 64, 125]",8640.0,1296.0,2160.0,,,24.02158839614303,0.9537037037037037,checkpoints\ALOI_ETMC_last.pt,151.0,0.9637345679012346,24.566743356210214,0.9518518518518518,checkpoints\ALOI_ETMC_best.pt,268.7422544956207,ETMC,OK,,0.7875679611650486
BBC4view,,,,,,,,,,,,,,,,,0.02414679527282715,ETMC,FAILED,"TypeError: Expecting miMATRIX type here, got 2119843088",
BBCSport,2.0,5.0,"[3183, 3203]",435.0,66.0,109.0,,,17.011877059936523,0.981651376146789,checkpoints\BBCSport_ETMC_last.pt,5.0,0.9696969696969697,3.703944683074951,0.9724770642201835,checkpoints\BBCSport_ETMC_best.pt,14.556801319122314,ETMC,OK,,0.7850467289719626
Caltech101-7,6.0,7.0,"[48, 40, 254, 1984, 512, 928]",1179.0,177.0,295.0,,,8.388848547208108,0.9593220338983051,checkpoints\Caltech101-7_ETMC_last.pt,304.0,0.9887005649717514,7.580676046468444,0.9694915254237289,checkpoints\Caltech101-7_ETMC_best.pt,65.29777574539185,ETMC,OK,,0.9090106007067138
CiteSeer,2.0,6.0,"[3312, 3703]",2649.0,398.0,663.0,,,19.29937552542708,0.7390648567119156,checkpoints\CiteSeer_ETMC_last.pt,4.0,0.7638190954773869,6.105897481265291,0.7420814479638009,checkpoints\CiteSeer_ETMC_best.pt,71.7761173248291,ETMC,OK,,0.7801934646691047
Cora,4.0,7.0,"[2708, 1433, 2706, 2706]",2166.0,325.0,542.0,,,22.963250395996543,0.8450184501845018,checkpoints\Cora_ETMC_last.pt,9.0,0.8646153846153846,11.011465677915904,0.8468634686346863,checkpoints\Cora_ETMC_best.pt,90.20811247825623,ETMC,OK,,0.7471927635683094
Handwritten,6.0,10.0,"[216, 76, 64, 6, 240, 47]",1600.0,240.0,400.0,,,10.84969425201416,0.9825,checkpoints\Handwritten_ETMC_last.pt,14.0,0.9833333333333333,13.93079662322998,0.98,checkpoints\Handwritten_ETMC_best.pt,78.749027967453,ETMC,OK,,0.9607415485278081
MNIST-10k,3.0,10.0,"[30, 9, 30]",8000.0,1200.0,2000.0,,,6.073974323272705,0.913,checkpoints\MNIST-10k_ETMC_last.pt,496.0,0.9166666666666666,6.0831897258758545,0.913,checkpoints\MNIST-10k_ETMC_best.pt,274.4834144115448,ETMC,OK,,0.8891648097090556
MNIST-4,3.0,4.0,"[30, 9, 30]",3200.0,480.0,800.0,,,4.1043201088905334,0.9025,checkpoints\MNIST-4_ETMC_last.pt,254.0,0.9145833333333333,4.264161825180054,0.90375,checkpoints\MNIST-4_ETMC_best.pt,113.90266489982605,ETMC,OK,,0.7885680801193267
MSRC-v5,5.0,7.0,"[24, 576, 512, 256, 254]",168.0,26.0,42.0,,,14.971126556396484,0.9285714285714286,checkpoints\MSRC-v5_ETMC_last.pt,39.0,0.9230769230769231,11.158899307250977,0.9047619047619048,checkpoints\MSRC-v5_ETMC_best.pt,18.626513957977295,ETMC,OK,,0.9059829059829059
Movies,2.0,17.0,"[1878, 1398]",493.0,74.0,124.0,,,72.86468505859375,0.3870967741935484,checkpoints\Movies_ETMC_last.pt,26.0,0.527027027027027,16.41603660583496,0.4112903225806452,checkpoints\Movies_ETMC_best.pt,19.992016315460205,ETMC,OK,,0.6143092105263158
NUS-WIDE,5.0,12.0,"[64, 144, 73, 128, 225]",1920.0,288.0,480.0,,,22.33609406153361,0.4125,checkpoints\NUS-WIDE_ETMC_last.pt,88.0,0.4409722222222222,20.54735056559245,0.41875,checkpoints\NUS-WIDE_ETMC_best.pt,92.15216302871704,ETMC,OK,,0.7330754352030947
OutdoorScene,4.0,8.0,"[512, 432, 256, 48]",2150.0,323.0,538.0,,,11.846293757839273,0.8438661710037175,checkpoints\OutdoorScene_ETMC_last.pt,248.0,0.8885448916408669,11.256680240418389,0.8494423791821561,checkpoints\OutdoorScene_ETMC_best.pt,92.18750810623169,ETMC,OK,,0.7897262429200755
Prokaryotic,3.0,4.0,"[393, 3, 438]",440.0,66.0,111.0,,,6.436205863952637,0.7927927927927928,checkpoints\Prokaryotic_ETMC_last.pt,332.0,0.803030303030303,6.613934516906738,0.8018018018018018,checkpoints\Prokaryotic_ETMC_best.pt,20.65241503715515,ETMC,OK,,0.8562252964426877
ProteinFold,12.0,27.0,"[27, 27, 27, 27, 27, 27, 27, 27, 27, 27, 27, 27]",555.0,84.0,139.0,,,52.270957946777344,0.49640287769784175,checkpoints\ProteinFold_ETMC_last.pt,339.0,0.5595238095238095,52.25753402709961,0.5107913669064749,checkpoints\ProteinFold_ETMC_best.pt,65.50516843795776,ETMC,OK,,0.8296066252587992
Reuters-1200,5.0,6.0,"[2000, 2000, 2000, 2000, 2000]",960.0,144.0,240.0,,,45.227029164632164,0.775,checkpoints\Reuters-1200_ETMC_last.pt,1.0,0.8402777777777778,12.17738962173462,0.75,checkpoints\Reuters-1200_ETMC_best.pt,64.03898692131042,ETMC,OK,,0.799084030266826
Reuters-1500,5.0,6.0,"[21531, 24892, 34251, 15506, 11547]",1200.0,180.0,300.0,,,49.12841033935547,0.8166666666666667,checkpoints\Reuters-1500_ETMC_last.pt,2.0,0.8277777777777777,9.388219197591146,0.8166666666666667,checkpoints\Reuters-1500_ETMC_best.pt,212.83832454681396,ETMC,OK,,0.8349536178107607
UCI,3.0,10.0,"[240, 76, 6]",1600.0,240.0,400.0,,,7.710715293884277,0.98,checkpoints\UCI_ETMC_last.pt,4.0,0.9791666666666666,8.291695594787598,0.965,checkpoints\UCI_ETMC_best.pt,69.20094656944275,ETMC,OK,,0.9684311224489796
WebKB,2.0,2.0,"[1840, 3000]",840.0,126.0,211.0,,,1.5714604402605392,0.990521327014218,checkpoints\WebKB_ETMC_last.pt,26.0,0.9682539682539683,1.124170564927196,0.985781990521327,checkpoints\WebKB_ETMC_best.pt,33.0980281829834,ETMC,OK,,0.8995215311004784
Wikipedia,2.0,10.0,"[128, 10]",2292.0,344.0,574.0,,,10.10965772954429,0.6602787456445993,checkpoints\Wikipedia_ETMC_last.pt,38.0,0.7063953488372093,9.078087816670381,0.6794425087108014,checkpoints\Wikipedia_ETMC_best.pt,68.04417753219604,ETMC,OK,,0.799431702861782
Wikipedia-test,2.0,10.0,"[128, 10]",554.0,84.0,139.0,,,12.618206977844238,0.6402877697841727,checkpoints\Wikipedia-test_ETMC_last.pt,13.0,0.6666666666666666,10.7109956741333,0.6115107913669064,checkpoints\Wikipedia-test_ETMC_best.pt,22.949877738952637,ETMC,OK,,0.7606741573033708
Yale,3.0,15.0,"[4096, 3304, 6750]",132.0,20.0,33.0,,,82.620849609375,0.8484848484848485,checkpoints\Yale_ETMC_last.pt,60.0,1.0,21.687028884887695,0.8787878787878788,checkpoints\Yale_ETMC_best.pt,13.446656703948975,ETMC,OK,,0.8071428571428572
handwritten_6views,6.0,10.0,"[240, 76, 216, 47, 64, 6]",1600.0,240.0,400.0,,,11.792682647705078,0.9875,checkpoints\handwritten_6views_ETMC_last.pt,21.0,0.9833333333333333,12.9052734375,0.9875,checkpoints\handwritten_6views_ETMC_best.pt,94.40996551513672,ETMC,OK,,0.9549367088607595
scene15,3.0,15.0,"[1800, 1180, 1240]",3588.0,539.0,897.0,,,17.616200522568448,0.738015607580825,checkpoints\scene15_ETMC_last.pt,356.0,0.7625231910946196,16.66095539505532,0.7614269788182831,checkpoints\scene15_ETMC_best.pt,146.46965289115906,ETMC,OK,,0.7582310214051552
100Leaves,3.0,100.0,"[64, 64, 64]",1280.0,192.0,320.0,,,20.721046686172485,0.9375,checkpoints\100Leaves_TF_last.pt,43.0,0.9583333333333334,18.227745294570923,0.95625,checkpoints\100Leaves_TF_best.pt,176.63582849502563,TF,OK,,0.7048333333333334
3Sources,3.0,6.0,"[3560, 3631, 3068]",135.0,21.0,34.0,,,26.364519119262695,0.8529411764705882,checkpoints\3Sources_TF_last.pt,7.0,0.9047619047619048,4.887765884399414,0.7941176470588235,checkpoints\3Sources_TF_best.pt,45.95830202102661,TF,OK,,0.896551724137931
ACM,5.0,3.0,"[1870, 3025, 3025, 3025, 3025]",2420.0,363.0,605.0,,,7.1194087138845905,0.9256198347107438,checkpoints\ACM_TF_last.pt,4.0,0.9366391184573003,5.434406558344187,0.9322314049586777,checkpoints\ACM_TF_best.pt,602.4882400035858,TF,OK,,0.7275396825396826
ALOI,4.0,100.0,"[77, 13, 64, 125]",8640.0,1296.0,2160.0,,,21.611919049863463,0.913425925925926,checkpoints\ALOI_TF_last.pt,1.0,0.9305555555555556,19.3473798610546,0.9217592592592593,checkpoints\ALOI_TF_best.pt,1312.6816711425781,TF,OK,,0.7106268854129681
BBC4view,,,,,,,,,,,,,,,,,0.03667163848876953,TF,FAILED,"TypeError: Expecting miMATRIX type here, got 2119843088",
BBCSport,2.0,5.0,"[3183, 3203]",435.0,66.0,109.0,,,9.966401100158691,0.981651376146789,checkpoints\BBCSport_TF_last.pt,293.0,0.9848484848484849,10.048066139221191,0.9724770642201835,checkpoints\BBCSport_TF_best.pt,68.23142170906067,TF,OK,,0.8644859813084111
Caltech101-7,6.0,7.0,"[48, 40, 254, 1984, 512, 928]",1179.0,177.0,295.0,,,7.387605949983758,0.9728813559322034,checkpoints\Caltech101-7_TF_last.pt,374.0,0.9887005649717514,6.2359739804671985,0.976271186440678,checkpoints\Caltech101-7_TF_best.pt,320.8233654499054,TF,OK,,0.9581881533101045
CiteSeer,2.0,6.0,"[3312, 3703]",2649.0,398.0,663.0,,,11.63155295370571,0.7450980392156863,checkpoints\CiteSeer_TF_last.pt,6.0,0.7663316582914573,4.945312473389178,0.7435897435897436,checkpoints\CiteSeer_TF_best.pt,328.0797698497772,TF,OK,,0.7428071772512757
Cora,4.0,7.0,"[2708, 1433, 2706, 2706]",2166.0,325.0,542.0,,,15.57151513609939,0.8302583025830258,checkpoints\Cora_TF_last.pt,13.0,0.8615384615384616,9.108207037528063,0.8505535055350554,checkpoints\Cora_TF_best.pt,464.4055573940277,TF,OK,,0.7552173913043478
Handwritten,6.0,10.0,"[216, 76, 64, 6, 240, 47]",1600.0,240.0,400.0,,,9.364001750946045,0.98,checkpoints\Handwritten_TF_last.pt,22.0,0.9833333333333333,11.920289039611816,0.9825,checkpoints\Handwritten_TF_best.pt,380.5439865589142,TF,OK,,0.940688775510204
MNIST-10k,3.0,10.0,"[30, 9, 30]",8000.0,1200.0,2000.0,,,4.60897011756897,0.913,checkpoints\MNIST-10k_TF_last.pt,467.0,0.9158333333333334,4.888048076629639,0.9065,checkpoints\MNIST-10k_TF_best.pt,918.5369205474854,TF,OK,,0.8807424053581094
MNIST-4,3.0,4.0,"[30, 9, 30]",3200.0,480.0,800.0,,,2.9084362387657166,0.90625,checkpoints\MNIST-4_TF_last.pt,169.0,0.9145833333333333,3.193697690963745,0.9025,checkpoints\MNIST-4_TF_best.pt,398.4932532310486,TF,OK,,0.7889839080459771
MSRC-v5,5.0,7.0,"[24, 576, 512, 256, 254]",168.0,26.0,42.0,,,22.7788143157959,0.9047619047619048,checkpoints\MSRC-v5_TF_last.pt,159.0,0.9615384615384616,9.985631942749023,0.9285714285714286,checkpoints\MSRC-v5_TF_best.pt,62.1838276386261,TF,OK,,0.9539473684210527
Movies,2.0,17.0,"[1878, 1398]",493.0,74.0,124.0,,,50.88570022583008,0.3709677419354839,checkpoints\Movies_TF_last.pt,17.0,0.5135135135135135,10.346941947937012,0.3709677419354839,checkpoints\Movies_TF_best.pt,78.92786169052124,TF,OK,,0.5588071348940914
NUS-WIDE,5.0,12.0,"[64, 144, 73, 128, 225]",1920.0,288.0,480.0,,,19.780595461527508,0.39166666666666666,checkpoints\NUS-WIDE_TF_last.pt,141.0,0.4027777777777778,17.615124225616455,0.4041666666666667,checkpoints\NUS-WIDE_TF_best.pt,403.1762840747833,TF,OK,,0.6852229670649956
OutdoorScene,4.0,8.0,"[512, 432, 256, 48]",2150.0,323.0,538.0,,,9.976798731155112,0.828996282527881,checkpoints\OutdoorScene_TF_last.pt,421.0,0.9009287925696594,9.253177022402172,0.8513011152416357,checkpoints\OutdoorScene_TF_best.pt,371.834965467453,TF,OK,,0.7852895301228311
Prokaryotic,3.0,4.0,"[393, 3, 438]",440.0,66.0,111.0,,,4.999302864074707,0.8288288288288288,checkpoints\Prokaryotic_TF_last.pt,464.0,0.8333333333333334,4.9353485107421875,0.8288288288288288,checkpoints\Prokaryotic_TF_best.pt,73.96092391014099,TF,OK,,0.7860411899313502
ProteinFold,12.0,27.0,"[27, 27, 27, 27, 27, 27, 27, 27, 27, 27, 27, 27]",555.0,84.0,139.0,,,49.895843505859375,0.5107913669064749,checkpoints\ProteinFold_TF_last.pt,87.0,0.5476190476190477,48.93251037597656,0.5107913669064749,checkpoints\ProteinFold_TF_best.pt,291.53262996673584,TF,OK,,0.7549710024855012
Reuters-1200,5.0,6.0,"[2000, 2000, 2000, 2000, 2000]",960.0,144.0,240.0,,,29.46278731028239,0.775,checkpoints\Reuters-1200_TF_last.pt,6.0,0.8333333333333334,9.162821292877197,0.7708333333333334,checkpoints\Reuters-1200_TF_best.pt,261.16829228401184,TF,OK,,0.7864396654719235
Reuters-1500,5.0,6.0,"[21531, 24892, 34251, 15506, 11547]",1200.0,180.0,300.0,,,30.908945719401043,0.82,checkpoints\Reuters-1500_TF_last.pt,3.0,0.8333333333333334,7.586390018463135,0.8133333333333334,checkpoints\Reuters-1500_TF_best.pt,805.9987967014313,TF,OK,,0.8143631436314364
UCI,3.0,10.0,"[240, 76, 6]",1600.0,240.0,400.0,,,6.739584922790527,0.9725,checkpoints\UCI_TF_last.pt,53.0,0.9791666666666666,6.257061004638672,0.975,checkpoints\UCI_TF_best.pt,243.94597148895264,TF,OK,,0.9004440289787334
WebKB,2.0,2.0,"[1840, 3000]",840.0,126.0,211.0,,,0.818476596714761,0.990521327014218,checkpoints\WebKB_TF_last.pt,145.0,0.9682539682539683,0.9617320479939899,0.985781990521327,checkpoints\WebKB_TF_best.pt,117.14823460578918,TF,OK,,0.8684210526315789
Wikipedia,2.0,10.0,"[128, 10]",2292.0,344.0,574.0,,,8.306083260512933,0.6376306620209059,checkpoints\Wikipedia_TF_last.pt,43.0,0.686046511627907,7.1098307234069615,0.6655052264808362,checkpoints\Wikipedia_TF_best.pt,224.8554720878601,TF,OK,,0.7091214796132829
Wikipedia-test,2.0,10.0,"[128, 10]",554.0,84.0,139.0,,,12.255694389343262,0.5179856115107914,checkpoints\Wikipedia-test_TF_last.pt,200.0,0.6071428571428571,7.895237445831299,0.6115107913669064,checkpoints\Wikipedia-test_TF_best.pt,73.6532244682312,TF,OK,,0.5269485903814262
Yale,3.0,15.0,"[4096, 3304, 6750]",132.0,20.0,33.0,,,70.74278259277344,0.9090909090909091,checkpoints\Yale_TF_last.pt,8.0,1.0,7.700995445251465,0.9393939393939394,checkpoints\Yale_TF_best.pt,50.59433722496033,TF,OK,,0.8555555555555555
handwritten_6views,6.0,10.0,"[240, 76, 216, 47, 64, 6]",1600.0,240.0,400.0,,,11.262632846832275,0.99,checkpoints\handwritten_6views_TF_last.pt,28.0,0.9833333333333333,11.208925724029541,0.9825,checkpoints\handwritten_6views_TF_best.pt,387.2533838748932,TF,OK,,0.9589646464646464
scene15,3.0,15.0,"[1800, 1180, 1240]",3588.0,539.0,897.0,,,15.533702950280912,0.7748049052396878,checkpoints\scene15_TF_last.pt,374.0,0.8237476808905381,12.337747989556728,0.8182831661092531,checkpoints\scene15_TF_best.pt,551.567461013794,TF,OK,,0.7048578958615287
100Leaves,3.0,100.0,"[64, 64, 64]",1280.0,192.0,320.0,,,27.539142608642578,0.990625,checkpoints\100Leaves_ETF_last.pt,21.0,0.9947916666666666,21.997724056243896,0.990625,checkpoints\100Leaves_ETF_best.pt,230.46295762062073,ETF,OK,,0.6182965299684542
3Sources,3.0,6.0,"[3560, 3631, 3068]",135.0,21.0,34.0,,,35.18922424316406,0.8529411764705882,checkpoints\3Sources_ETF_last.pt,5.0,0.9047619047619048,5.943735599517822,0.8235294117647058,checkpoints\3Sources_ETF_best.pt,60.49295377731323,ETF,OK,,0.9103448275862069
ACM,5.0,3.0,"[1870, 3025, 3025, 3025, 3025]",2420.0,363.0,605.0,,,7.3057381298916395,0.9289256198347108,checkpoints\ACM_ETF_last.pt,95.0,0.9504132231404959,7.330958559493388,0.9371900826446281,checkpoints\ACM_ETF_best.pt,798.9097630977631,ETF,OK,,0.8371265414218324
ALOI,4.0,100.0,"[77, 13, 64, 125]",8640.0,1296.0,2160.0,,,23.14406861199273,0.9652777777777778,checkpoints\ALOI_ETF_last.pt,265.0,0.9729938271604939,23.20440532543041,0.962037037037037,checkpoints\ALOI_ETF_best.pt,1611.376266002655,ETF,OK,,0.827427657873701
BBC4view,,,,,,,,,,,,,,,,,0.03141522407531738,ETF,FAILED,"TypeError: Expecting miMATRIX type here, got 2119843088",
BBCSport,2.0,5.0,"[3183, 3203]",435.0,66.0,109.0,,,14.519266128540039,0.9724770642201835,checkpoints\BBCSport_ETF_last.pt,266.0,0.9848484848484849,14.649909973144531,0.9724770642201835,checkpoints\BBCSport_ETF_best.pt,81.26244521141052,ETF,OK,,0.9182389937106918
Caltech101-7,6.0,7.0,"[48, 40, 254, 1984, 512, 928]",1179.0,177.0,295.0,,,8.687262098667984,0.9559322033898305,checkpoints\Caltech101-7_ETF_last.pt,38.0,0.9887005649717514,7.452285225108518,0.9559322033898305,checkpoints\Caltech101-7_ETF_best.pt,372.8773820400238,ETF,OK,,0.9260774686306602
CiteSeer,2.0,6.0,"[3312, 3703]",2649.0,398.0,663.0,,,18.285359844363114,0.7390648567119156,checkpoints\CiteSeer_ETF_last.pt,2.0,0.7638190954773869,6.258817567724628,0.726998491704374,checkpoints\CiteSeer_ETF_best.pt,420.2218985557556,ETF,OK,,0.7734811843812669
Cora,4.0,7.0,"[2708, 1433, 2706, 2706]",2166.0,325.0,542.0,,,21.31385314068671,0.8247232472324724,checkpoints\Cora_ETF_last.pt,10.0,0.8615384615384616,10.591397778134505,0.8487084870848709,checkpoints\Cora_ETF_best.pt,531.6490111351013,ETF,OK,,0.7863416931590722
Handwritten,6.0,10.0,"[216, 76, 64, 6, 240, 47]",1600.0,240.0,400.0,,,10.945433616638184,0.975,checkpoints\Handwritten_ETF_last.pt,11.0,0.9833333333333333,14.08848237991333,0.9775,checkpoints\Handwritten_ETF_best.pt,430.6075990200043,ETF,OK,,0.9551282051282051
MNIST-10k,3.0,10.0,"[30, 9, 30]",8000.0,1200.0,2000.0,,,5.5215400695800785,0.9195,checkpoints\MNIST-10k_ETF_last.pt,310.0,0.92,6.00122389793396,0.9105,checkpoints\MNIST-10k_ETF_best.pt,1124.0631477832794,ETF,OK,,0.8973449653639738
MNIST-4,3.0,4.0,"[30, 9, 30]",3200.0,480.0,800.0,,,3.6228795647621155,0.905,checkpoints\MNIST-4_ETF_last.pt,101.0,0.9166666666666666,4.13219678401947,0.9025,checkpoints\MNIST-4_ETF_best.pt,467.30525517463684,ETF,OK,,0.7912547252108171
MSRC-v5,5.0,7.0,"[24, 576, 512, 256, 254]",168.0,26.0,42.0,,,29.02776527404785,0.9047619047619048,checkpoints\MSRC-v5_ETF_last.pt,22.0,0.9615384615384616,10.977017402648926,0.9047619047619048,checkpoints\MSRC-v5_ETF_best.pt,74.25452303886414,ETF,OK,,0.9539473684210527
Movies,2.0,17.0,"[1878, 1398]",493.0,74.0,124.0,,,73.47977447509766,0.3709677419354839,checkpoints\Movies_ETF_last.pt,10.0,0.5405405405405406,13.183995246887207,0.4032258064516129,checkpoints\Movies_ETF_best.pt,103.64258480072021,ETF,OK,,0.5557413600891862
NUS-WIDE,5.0,12.0,"[64, 144, 73, 128, 225]",1920.0,288.0,480.0,,,23.84106969833374,0.4583333333333333,checkpoints\NUS-WIDE_ETF_last.pt,47.0,0.4513888888888889,20.218608379364014,0.4375,checkpoints\NUS-WIDE_ETF_best.pt,459.43287205696106,ETF,OK,,0.6975524475524475
OutdoorScene,4.0,8.0,"[512, 432, 256, 48]",2150.0,323.0,538.0,,,12.331260936410898,0.8643122676579925,checkpoints\OutdoorScene_ETF_last.pt,280.0,0.9040247678018576,10.833211749902889,0.8605947955390335,checkpoints\OutdoorScene_ETF_best.pt,433.83686423301697,ETF,OK,,0.7928413610251878
Prokaryotic,3.0,4.0,"[393, 3, 438]",440.0,66.0,111.0,,,6.383808612823486,0.8198198198198198,checkpoints\Prokaryotic_ETF_last.pt,319.0,0.8333333333333334,6.138058185577393,0.8198198198198198,checkpoints\Prokaryotic_ETF_best.pt,90.18188405036926,ETF,OK,,0.7961538461538462
ProteinFold,12.0,27.0,"[27, 27, 27, 27, 27, 27, 27, 27, 27, 27, 27, 27]",555.0,84.0,139.0,,,53.113494873046875,0.5251798561151079,checkpoints\ProteinFold_ETF_last.pt,67.0,0.5476190476190477,52.87335205078125,0.4748201438848921,checkpoints\ProteinFold_ETF_best.pt,311.6604607105255,ETF,OK,,0.7669157326691574
Reuters-1200,5.0,6.0,"[2000, 2000, 2000, 2000, 2000]",960.0,144.0,240.0,,,35.96044127146403,0.775,checkpoints\Reuters-1200_ETF_last.pt,3.0,0.8194444444444444,10.828740437825521,0.7708333333333334,checkpoints\Reuters-1200_ETF_best.pt,312.12896060943604,ETF,OK,,0.7922142572680206
Reuters-1500,5.0,6.0,"[21531, 24892, 34251, 15506, 11547]",1200.0,180.0,300.0,,,37.43049112955729,0.82,checkpoints\Reuters-1500_ETF_last.pt,2.0,0.8222222222222222,9.045798301696777,0.8133333333333334,checkpoints\Reuters-1500_ETF_best.pt,959.9164524078369,ETF,OK,,0.8217404396266185
UCI,3.0,10.0,"[240, 76, 6]",1600.0,240.0,400.0,,,8.468331336975098,0.9775,checkpoints\UCI_ETF_last.pt,8.0,0.9791666666666666,8.102316856384277,0.9725,checkpoints\UCI_ETF_best.pt,276.1261098384857,ETF,OK,,0.9673202614379085
WebKB,2.0,2.0,"[1840, 3000]",840.0,126.0,211.0,,,1.120403749117919,0.990521327014218,checkpoints\WebKB_ETF_last.pt,16.0,0.9682539682539683,1.2174546933287127,0.976303317535545,checkpoints\WebKB_ETF_best.pt,146.99193024635315,ETF,OK,,0.8588516746411483
Wikipedia,2.0,10.0,"[128, 10]",2292.0,344.0,574.0,,,10.996067309628796,0.6585365853658537,checkpoints\Wikipedia_ETF_last.pt,61.0,0.7063953488372093,8.929131305176206,0.6777003484320557,checkpoints\Wikipedia_ETF_best.pt,344.730806350708,ETF,OK,,0.7699222546161322
Wikipedia-test,2.0,10.0,"[128, 10]",554.0,84.0,139.0,,,17.290679931640625,0.5611510791366906,checkpoints\Wikipedia-test_ETF_last.pt,87.0,0.6666666666666666,9.716014862060547,0.6402877697841727,checkpoints\Wikipedia-test_ETF_best.pt,116.66245985031128,ETF,OK,,0.6784363177805801
Yale,3.0,15.0,"[4096, 3304, 6750]",132.0,20.0,33.0,,,85.49249267578125,0.9090909090909091,checkpoints\Yale_ETF_last.pt,14.0,1.0,10.587409973144531,0.9393939393939394,checkpoints\Yale_ETF_best.pt,59.1650173664093,ETF,OK,,0.7888888888888889
handwritten_6views,6.0,10.0,"[240, 76, 216, 47, 64, 6]",1600.0,240.0,400.0,,,12.85016393661499,0.99,checkpoints\handwritten_6views_ETF_last.pt,21.0,0.9833333333333333,12.38451623916626,0.9825,checkpoints\handwritten_6views_ETF_best.pt,386.20055508613586,ETF,OK,,0.9494949494949495
scene15,3.0,15.0,"[1800, 1180, 1240]",3588.0,539.0,897.0,,,18.5192509335419,0.8037904124860646,checkpoints\scene15_ETF_last.pt,440.0,0.8534322820037106,15.793163064597309,0.8283166109253066,checkpoints\scene15_ETF_best.pt,537.3795139789581,ETF,OK,,0.7335613415710502
100Leaves,3.0,100.0,"[64, 64, 64]",1280.0,192.0,320.0,,,3.663398325443268,0.98125,checkpoints\100Leaves_CCML_last.pt,255.0,0.9791666666666666,3.874416708946228,0.978125,checkpoints\100Leaves_CCML_best.pt,41.58611226081848,CCML,OK,,0.6162420382165605
3Sources,3.0,6.0,"[3560, 3631, 3068]",135.0,21.0,34.0,,,2.9404184818267822,0.8823529411764706,checkpoints\3Sources_CCML_last.pt,11.0,0.9047619047619048,1.1127982139587402,0.8529411764705882,checkpoints\3Sources_CCML_best.pt,11.341233968734741,CCML,OK,,0.7666666666666667
ACM,,,,,,,,,,,,,,,,,136.0242555141449,CCML,FAILED,ValueError: Input contains infinity or a value too large for dtype('float32').,
ALOI,4.0,100.0,"[77, 13, 64, 125]",8640.0,1296.0,2160.0,,,3.709187732802497,0.9527777777777777,checkpoints\ALOI_CCML_last.pt,382.0,0.9560185185185185,3.724955355679547,0.9527777777777777,checkpoints\ALOI_CCML_best.pt,275.0165476799011,CCML,OK,,0.6073429371748699
BBC4view,,,,,,,,,,,,,,,,,0.03254199028015137,CCML,FAILED,"TypeError: Expecting miMATRIX type here, got 2119843088",
BBCSport,2.0,5.0,"[3183, 3203]",435.0,66.0,109.0,,,1.7581098079681396,0.981651376146789,checkpoints\BBCSport_CCML_last.pt,10.0,0.9696969696969697,0.9197037220001221,0.9541284403669725,checkpoints\BBCSport_CCML_best.pt,15.717482805252075,CCML,OK,,0.5280373831775701
Caltech101-7,,,,,,,,,,,,,,,,,65.70513772964478,CCML,FAILED,ValueError: Input contains infinity or a value too large for dtype('float32').,
CiteSeer,2.0,6.0,"[3312, 3703]",2649.0,398.0,663.0,,,4.250169811565232,0.7435897435897436,checkpoints\CiteSeer_CCML_last.pt,12.0,0.7613065326633166,1.6762018227109723,0.7450980392156863,checkpoints\CiteSeer_CCML_best.pt,79.57363224029541,CCML,OK,,0.7089249492900608
Cora,4.0,7.0,"[2708, 1433, 2706, 2706]",2166.0,325.0,542.0,,,2.417638278975258,0.8413284132841329,checkpoints\Cora_CCML_last.pt,65.0,0.8553846153846154,1.6057146193796419,0.8413284132841329,checkpoints\Cora_CCML_best.pt,98.90478873252869,CCML,OK,,0.6790595675234599
Handwritten,,,,,,,,,,,,,,,,,85.8637855052948,CCML,FAILED,ValueError: Input contains infinity or a value too large for dtype('float32').,
MNIST-10k,3.0,10.0,"[30, 9, 30]",8000.0,1200.0,2000.0,,,1.155966305732727,0.8985,checkpoints\MNIST-10k_CCML_last.pt,486.0,0.9116666666666666,1.1570265769958497,0.8995,checkpoints\MNIST-10k_CCML_best.pt,249.2955822944641,CCML,OK,,0.8626446376144149
MNIST-4,3.0,4.0,"[30, 9, 30]",3200.0,480.0,800.0,,,0.7682069092988968,0.9,checkpoints\MNIST-4_CCML_last.pt,305.0,0.9145833333333333,0.7891055792570114,0.89875,checkpoints\MNIST-4_CCML_best.pt,110.08153915405273,CCML,OK,,0.7540277777777779
MSRC-v5,5.0,7.0,"[24, 576, 512, 256, 254]",168.0,26.0,42.0,,,1.1560050249099731,0.9523809523809523,checkpoints\MSRC-v5_CCML_last.pt,103.0,1.0,1.1741907596588135,0.9285714285714286,checkpoints\MSRC-v5_CCML_best.pt,14.252259492874146,CCML,OK,,0.9874999999999999
Movies,2.0,17.0,"[1878, 1398]",493.0,74.0,124.0,,,7.901670932769775,0.3790322580645161,checkpoints\Movies_CCML_last.pt,16.0,0.5540540540540541,3.362133741378784,0.4112903225806452,checkpoints\Movies_CCML_best.pt,22.727495670318604,CCML,OK,,0.5891130146449296
NUS-WIDE,5.0,12.0,"[64, 144, 73, 128, 225]",1920.0,288.0,480.0,,,2.7382601499557495,0.4375,checkpoints\NUS-WIDE_CCML_last.pt,304.0,0.4756944444444444,2.7263130942980447,0.4479166666666667,checkpoints\NUS-WIDE_CCML_best.pt,100.51793575286865,CCML,OK,,0.7327336860670195
OutdoorScene,4.0,8.0,"[512, 432, 256, 48]",2150.0,323.0,538.0,,,1.473142128008449,0.8494423791821561,checkpoints\OutdoorScene_CCML_last.pt,257.0,0.8761609907120743,1.5020192254431628,0.8531598513011153,checkpoints\OutdoorScene_CCML_best.pt,83.78091526031494,CCML,OK,,0.7430639976227139
Prokaryotic,3.0,4.0,"[393, 3, 438]",440.0,66.0,111.0,,,1.3143491744995117,0.6936936936936937,checkpoints\Prokaryotic_CCML_last.pt,427.0,0.6818181818181818,1.3165035247802734,0.6846846846846847,checkpoints\Prokaryotic_CCML_best.pt,16.48486351966858,CCML,OK,,0.8605805958747136
ProteinFold,12.0,27.0,"[27, 27, 27, 27, 27, 27, 27, 27, 27, 27, 27, 27]",555.0,84.0,139.0,,,3.6355209350585938,0.4460431654676259,checkpoints\ProteinFold_CCML_last.pt,438.0,0.5238095238095238,3.660778522491455,0.45323741007194246,checkpoints\ProteinFold_CCML_best.pt,54.52548170089722,CCML,OK,,0.7788018433179723
Reuters-1200,5.0,6.0,"[2000, 2000, 2000, 2000, 2000]",960.0,144.0,240.0,,,3.278754154841105,0.7416666666666667,checkpoints\Reuters-1200_CCML_last.pt,410.0,0.8125,3.0292099714279175,0.7416666666666667,checkpoints\Reuters-1200_CCML_best.pt,59.830087661743164,CCML,OK,,0.7855201159840521
Reuters-1500,5.0,6.0,"[21531, 24892, 34251, 15506, 11547]",1200.0,180.0,300.0,,,5.238339900970459,0.8166666666666667,checkpoints\Reuters-1500_CCML_last.pt,3.0,0.8333333333333334,1.2100778818130493,0.8066666666666666,checkpoints\Reuters-1500_CCML_best.pt,191.16883850097656,CCML,OK,,0.614025974025974
UCI,,,,,,,,,,,,,,,,,52.08097815513611,CCML,FAILED,ValueError: Input contains infinity or a value too large for dtype('float32').,
WebKB,2.0,2.0,"[1840, 3000]",840.0,126.0,211.0,,,0.3088966906070709,0.985781990521327,checkpoints\WebKB_CCML_last.pt,19.0,0.9603174603174603,0.3200168780523454,0.966824644549763,checkpoints\WebKB_CCML_best.pt,29.630353212356567,CCML,OK,,0.6858974358974359
Wikipedia,2.0,10.0,"[128, 10]",2292.0,344.0,574.0,,,2.1334859460903792,0.6550522648083623,checkpoints\Wikipedia_CCML_last.pt,159.0,0.7005813953488372,2.2014996880853634,0.6689895470383276,checkpoints\Wikipedia_CCML_best.pt,54.5767662525177,CCML,OK,,0.8165296582849775
Wikipedia-test,2.0,10.0,"[128, 10]",554.0,84.0,139.0,,,2.466399669647217,0.6330935251798561,checkpoints\Wikipedia-test_CCML_last.pt,189.0,0.6785714285714286,2.4195399284362793,0.60431654676259,checkpoints\Wikipedia-test_CCML_best.pt,17.671809196472168,CCML,OK,,0.678475935828877
Yale,,,,,,,,,,,,,,,,,10.745852708816528,CCML,FAILED,ValueError: Input contains infinity or a value too large for dtype('float32').,
handwritten_6views,,,,,,,,,,,,,,,,,78.4741895198822,CCML,FAILED,ValueError: Input contains infinity or a value too large for dtype('float32').,
scene15,,,,,,,,,,,,,,,,,118.50871515274048,CCML,FAILED,ValueError: Input contains infinity or a value too large for dtype('float32').,
100Leaves,3.0,100.0,"[64, 64, 64]",1280.0,192.0,320.0,,,3.7590426206588745,0.946875,checkpoints\100Leaves_ECML_last.pt,82.0,0.921875,4.4249396324157715,0.921875,checkpoints\100Leaves_ECML_best.pt,52.69967746734619,ECML,OK,,0.5732867404387497
3Sources,3.0,6.0,"[3560, 3631, 3068]",135.0,21.0,34.0,,,2.439237117767334,0.8529411764705882,checkpoints\3Sources_ECML_last.pt,12.0,0.9047619047619048,1.321658968925476,0.8529411764705882,checkpoints\3Sources_ECML_best.pt,10.933424234390259,ECML,OK,,0.696551724137931
ACM,5.0,3.0,"[1870, 3025, 3025, 3025, 3025]",2420.0,363.0,605.0,,,0.6251559163913254,0.9322314049586777,checkpoints\ACM_ECML_last.pt,433.0,0.9504132231404959,0.6186524326643668,0.9305785123966942,checkpoints\ACM_ECML_best.pt,150.41099643707275,ECML,OK,,0.6926137346479848
ALOI,4.0,100.0,"[77, 13, 64, 125]",8640.0,1296.0,2160.0,,,3.911960001345034,0.9268518518518518,checkpoints\ALOI_ECML_last.pt,445.0,0.9344135802469136,3.9162216230675027,0.9259259259259259,checkpoints\ALOI_ECML_best.pt,388.3392617702484,ECML,OK,,0.6231063240556911
BBC4view,,,,,,,,,,,,,,,,,0.029004812240600586,ECML,FAILED,"TypeError: Expecting miMATRIX type here, got 2119843088",
BBCSport,2.0,5.0,"[3183, 3203]",435.0,66.0,109.0,,,1.6095056533813477,0.9724770642201835,checkpoints\BBCSport_ECML_last.pt,454.0,0.9696969696969697,1.5277321338653564,0.9724770642201835,checkpoints\BBCSport_ECML_best.pt,16.388723850250244,ECML,OK,,0.660377358490566
Caltech101-7,6.0,7.0,"[48, 40, 254, 1984, 512, 928]",1179.0,177.0,295.0,,,0.6213188312821469,0.9389830508474576,checkpoints\Caltech101-7_ECML_last.pt,329.0,0.943502824858757,0.6599671547695741,0.9322033898305084,checkpoints\Caltech101-7_ECML_best.pt,76.41232514381409,ECML,OK,,0.99117529081428
CiteSeer,2.0,6.0,"[3312, 3703]",2649.0,398.0,663.0,,,2.712762784094832,0.7164404223227753,checkpoints\CiteSeer_ECML_last.pt,5.0,0.7688442211055276,1.6987333651941108,0.7360482654600302,checkpoints\CiteSeer_ECML_best.pt,81.54439091682434,ECML,OK,,0.685800671892497
Cora,4.0,7.0,"[2708, 1433, 2706, 2706]",2166.0,325.0,542.0,,,1.7340780003924212,0.8007380073800738,checkpoints\Cora_ECML_last.pt,146.0,0.84,1.5941439752649118,0.8228782287822878,checkpoints\Cora_ECML_best.pt,108.27052998542786,ECML,OK,,0.6016385048643113
Handwritten,6.0,10.0,"[216, 76, 64, 6, 240, 47]",1600.0,240.0,400.0,,,0.9629932343959808,0.9775,checkpoints\Handwritten_ECML_last.pt,67.0,0.975,1.2551195621490479,0.975,checkpoints\Handwritten_ECML_best.pt,86.01405191421509,ECML,OK,,0.9607843137254902
MNIST-10k,3.0,10.0,"[30, 9, 30]",8000.0,1200.0,2000.0,,,1.315280592441559,0.902,checkpoints\MNIST-10k_ECML_last.pt,393.0,0.9091666666666667,1.324528706073761,0.8995,checkpoints\MNIST-10k_ECML_best.pt,221.5030062198639,ECML,OK,,0.8397212543554007
MNIST-4,3.0,4.0,"[30, 9, 30]",3200.0,480.0,800.0,,,0.7994521260261536,0.90125,checkpoints\MNIST-4_ECML_last.pt,465.0,0.9104166666666667,0.8033552467823029,0.9025,checkpoints\MNIST-4_ECML_best.pt,93.38526225090027,ECML,OK,,0.752734423006022
MSRC-v5,5.0,7.0,"[24, 576, 512, 256, 254]",168.0,26.0,42.0,,,1.1320617198944092,0.9523809523809523,checkpoints\MSRC-v5_ECML_last.pt,51.0,0.8846153846153846,1.5847395658493042,0.8095238095238095,checkpoints\MSRC-v5_ECML_best.pt,13.03933334350586,ECML,OK,,0.825
Movies,2.0,17.0,"[1878, 1398]",493.0,74.0,124.0,,,5.376674652099609,0.3548387096774194,checkpoints\Movies_ECML_last.pt,74.0,0.5540540540540541,3.3320083618164062,0.3709677419354839,checkpoints\Movies_ECML_best.pt,18.459643125534058,ECML,OK,,0.6880681818181817
NUS-WIDE,5.0,12.0,"[64, 144, 73, 128, 225]",1920.0,288.0,480.0,,,2.8110431830088296,0.3729166666666667,checkpoints\NUS-WIDE_ECML_last.pt,69.0,0.3923611111111111,2.811349372069041,0.3770833333333333,checkpoints\NUS-WIDE_ECML_best.pt,92.09725570678711,ECML,OK,,0.6952987249206556
OutdoorScene,4.0,8.0,"[512, 432, 256, 48]",2150.0,323.0,538.0,,,1.6158220976258741,0.8438661710037175,checkpoints\OutdoorScene_ECML_last.pt,433.0,0.8885448916408669,1.6298003595557797,0.8345724907063197,checkpoints\OutdoorScene_ECML_best.pt,88.40288734436035,ECML,OK,,0.7384623452905391
Prokaryotic,3.0,4.0,"[393, 3, 438]",440.0,66.0,111.0,,,1.3058117628097534,0.7657657657657657,checkpoints\Prokaryotic_ECML_last.pt,455.0,0.7272727272727273,1.3225831985473633,0.7477477477477478,checkpoints\Prokaryotic_ECML_best.pt,17.21691107749939,ECML,OK,,0.8262443438914027
ProteinFold,12.0,27.0,"[27, 27, 27, 27, 27, 27, 27, 27, 27, 27, 27, 27]",555.0,84.0,139.0,,,3.393141031265259,0.4460431654676259,checkpoints\ProteinFold_ECML_last.pt,444.0,0.5357142857142857,3.410036563873291,0.4460431654676259,checkpoints\ProteinFold_ECML_best.pt,80.95666313171387,ECML,OK,,0.7792207792207791
Reuters-1200,5.0,6.0,"[2000, 2000, 2000, 2000, 2000]",960.0,144.0,240.0,,,2.3978371222813926,0.75,checkpoints\Reuters-1200_ECML_last.pt,8.0,0.8125,1.7099119623502095,0.7375,checkpoints\Reuters-1200_ECML_best.pt,62.420101165771484,ECML,OK,,0.7491666666666666
Reuters-1500,5.0,6.0,"[21531, 24892, 34251, 15506, 11547]",1200.0,180.0,300.0,,,3.473619302113851,0.8333333333333334,checkpoints\Reuters-1500_ECML_last.pt,5.0,0.8277777777777777,1.4387176036834717,0.8133333333333334,checkpoints\Reuters-1500_ECML_best.pt,194.86894345283508,ECML,OK,,0.51224
UCI,3.0,10.0,"[240, 76, 6]",1600.0,240.0,400.0,,,0.7848091125488281,0.975,checkpoints\UCI_ECML_last.pt,7.0,0.975,1.9896853566169739,0.9675,checkpoints\UCI_ECML_best.pt,56.13301706314087,ECML,OK,,0.903076923076923
WebKB,2.0,2.0,"[1840, 3000]",840.0,126.0,211.0,,,0.257951083341481,0.976303317535545,checkpoints\WebKB_ECML_last.pt,285.0,0.9682539682539683,0.25536631563263484,0.976303317535545,checkpoints\WebKB_ECML_best.pt,29.107497692108154,ECML,OK,,0.7203883495145631
Wikipedia,2.0,10.0,"[128, 10]",2292.0,344.0,574.0,,,2.123087853920169,0.6463414634146342,checkpoints\Wikipedia_ECML_last.pt,173.0,0.6831395348837209,2.148520041841248,0.6567944250871081,checkpoints\Wikipedia_ECML_best.pt,54.57947659492493,ECML,OK,,0.7793342450838501
Wikipedia-test,2.0,10.0,"[128, 10]",554.0,84.0,139.0,,,2.3969266414642334,0.5971223021582733,checkpoints\Wikipedia-test_ECML_last.pt,74.0,0.6190476190476191,2.5183210372924805,0.5899280575539568,checkpoints\Wikipedia-test_ECML_best.pt,17.96431541442871,ECML,OK,,0.6267211703958692
Yale,3.0,15.0,"[4096, 3304, 6750]",132.0,20.0,33.0,,,3.739431858062744,0.9393939393939394,checkpoints\Yale_ECML_last.pt,209.0,1.0,2.3441152572631836,0.9090909090909091,checkpoints\Yale_ECML_best.pt,11.06341814994812,ECML,OK,,0.8548387096774193
handwritten_6views,6.0,10.0,"[240, 76, 216, 47, 64, 6]",1600.0,240.0,400.0,,,1.143121361732483,0.9775,checkpoints\handwritten_6views_ECML_last.pt,282.0,0.9833333333333333,1.2254474759101868,0.975,checkpoints\handwritten_6views_ECML_best.pt,90.50766587257385,ECML,OK,,0.9383347541915317
scene15,3.0,15.0,"[1800, 1180, 1240]",3588.0,539.0,897.0,,,2.590889284576195,0.5986622073578596,checkpoints\scene15_ECML_last.pt,373.0,0.6382189239332097,2.547359393990558,0.6365663322185061,checkpoints\scene15_ECML_best.pt,154.02262544631958,ECML,OK,,0.840978688185392
